sun,sunlight,0.55
automobile,car,0.60
river,water,0.21
stairs,staircase,0.73
morning,sunrise,0.47
rain,storm,0.56
cat,kittens,0.62
dance,dancers,0.81
camera,photography,0.80
cat,feline,0.30
sunny,sunshine,0.57
pregnancy,pregnant,0.85
beach,sand,0.73
bakery,bread,0.40
flowers,garden,0.64
grass,lawn,0.47
copper,metal,0.65
photos,photography,0.45
cemetery,graveyard,0.36
gravestone,graveyard,0.21
sun,sunshine,0.46
black,dark,0.40
cathedral,church,0.43
frozen,ice,0.72
station,subway,0.51
children,kids,0.16
aquarium,fish,0.76
light,lighting,0.41
fungi,mushrooms,0.88
frost,snow,0.64
burn,flame,0.63
ocean,sea,0.52
candy,chocolate,0.62
car,vehicle,0.47
concert,music,0.80
photos,picture,0.45
grapes,wine,0.41
bath,bathroom,0.54
buds,flowers,0.56
cat,kitty,0.09
ocean,water,0.31
aircraft,airplane,0.74
butterfly,caterpillars,0.88
hair,wig,0.59
blossom,buds,0.38
highway,road,0.75
bunny,rabbit,0.36
bread,sandwich,0.56
mist,misty,0.63
flowers,petals,0.86
airplane,flight,0.73
fish,fishing,0.75
ice,snow,0.59
bright,sun,0.39
shade,tree,0.45
bicycle,bike,0.78
truck,vehicle,0.41
shore,water,0.39
boat,fishing,0.55
dog,puppy,0.76
bride,wedding,0.81
birds,hummingbird,0.59
sea,water,0.27
cow,milk,0.60
birds,feathers,0.88
skate,skating,0.74
chapel,church,0.42
branch,twigs,0.36
concert,musicians,0.77
clothes,dress,0.73
automobile,vehicle,0.59
splash,swimming,0.59
bed,furniture,0.26
aircraft,flight,0.73
reptiles,snake,0.36
motorcycle,scooter,0.22
coffee,tea,0.55
feathers,goose,0.47
pool,swimming,0.61
eyes,face,0.79
dirt,dirty,0.54
railway,train,0.59
harbour,port,0.30
fruit,strawberry,0.33
flight,plane,0.60
smoke,smoking,0.84
ivy,plant,0.22
river,stream,0.38
lake,water,0.35
kittens,kitty,0.13
snow,snowman,0.61
dog,terrier,0.72
daffodils,flowers,0.48
pond,water,0.44
show,television,0.28
handwriting,written,0.49
flood,water,0.33
jazz,musicians,0.88
eagle,feathers,0.80
grapes,vine,0.17
birds,hawk,0.61
clothes,outfit,0.62
exhibition,museum,0.43
hand,palm,0.43
grave,graveyard,0.36
berry,strawberry,0.17
forest,oak,0.43
crochet,knitting,0.28
birds,eagle,0.75
canine,puppy,0.12
bar,cocktail,0.13
bar,pub,0.07
sunlight,sunshine,0.41
apple,fruit,0.47
sun,sunrise,0.34
gymnastics,sports,0.68
sailing,ship,0.66
beach,sea,0.43
game,hockey,0.75
bed,pillow,0.81
daffodils,tulip,0.45
flowers,plant,0.52
fire,smoke,0.48
canine,dog,0.19
bracelet,jewelry,0.24
feline,kitty,0.08
architecture,building,0.44
shop,shopping,0.54
highway,traffic,0.77
lizard,reptiles,0.76
music,piano,0.85
strawberry,sweet,0.47
snow,winter,0.67
autumn,spring,0.70
bacon,meat,0.50
raspberry,strawberry,0.29
chipmunk,squirrel,0.47
coast,harbor,0.51
dress,skirt,0.73
sun,sunny,0.42
lily,tulip,0.19
grave,gravestone,0.26
bright,sunny,0.41
dandelion,plant,0.56
light,sunlight,0.50
hill,mountain,0.30
burger,food,0.31
sea,shore,0.59
feathers,peacock,0.48
children,mother,0.15
night,sunset,0.53
orange,peel,0.36
subway,train,0.48
camera,lens,0.59
daisy,petals,0.08
aircraft,wing,0.50
bloom,flowers,0.68
clothes,jacket,0.53
dinner,restaurant,0.56
swim,swimming,0.85
cemetery,gravestone,0.19
cigarette,smoke,0.85
shirt,skirt,0.53
baby,pregnant,0.63
cherry,fruit,0.43
beef,meat,0.70
blossom,daffodils,0.35
bloom,blossom,0.57
maple,oak,0.81
frost,winter,0.56
colour,pink,0.47
dog,poodle,0.62
lantern,light,0.52
coast,sea,0.51
tunnel,underground,0.51
dog,pets,0.61
hair,haircut,0.66
day,sunset,0.44
bikini,swimsuit,0.05
rail,railway,0.49
art,museum,0.71
painting,portrait,0.74
dress,wedding,0.43
poodle,puppy,0.47
port,ship,0.55
bloom,tulip,0.47
cold,winter,0.67
bakery,cake,0.37
building,roof,0.55
iron,steel,0.80
birds,stork,0.38
lily,plant,0.26
eat,food,0.67
bathroom,kitchen,0.74
jazz,music,0.93
fabric,wool,0.51
aquarium,tank,0.37
fire,flame,0.64
bloom,rose,0.26
leaf,nature,0.08
town,village,0.37
apple,orange,0.42
dawn,sunrise,0.52
engine,gasoline,0.60
oak,tree,0.80
guitar,piano,0.78
chocolate,dessert,0.63
cat,paws,0.58
birds,goose,0.50
blue,sky,0.43
pool,swim,0.51
bracelet,necklace,0.42
fruit,salad,0.56
eggs,nest,0.56
boat,sailing,0.30
birds,crow,0.36
birds,flamingo,0.43
day,sunshine,0.40
hockey,sports,0.74
burger,eat,0.25
fruit,raspberry,0.17
lunch,sandwich,0.70
feet,toes,0.62
baby,mother,0.54
amphibians,frog,0.57
burn,fire,0.59
hockey,ice,0.32
cold,frozen,0.56
oak,wood,0.50
photographer,photography,0.82
man,women,0.05
hair,redhead,0.24
harbor,port,0.65
pug,puppy,0.17
sunrise,sunset,0.54
leather,shoes,0.60
beach,shore,0.78
colour,red,0.31
painted,painting,0.82
storm,wind,0.76
colour,violet,0.16
rain,wet,0.70
diner,eat,0.21
bed,bedroom,0.79
guitar,musicians,0.64
petals,rose,0.18
rail,subway,0.23
holiday,vacation,0.34
bed,sleep,0.72
cigarette,smoking,0.98
airplane,plane,0.71
daffodils,plant,0.53
diner,kitchen,0.21
coins,silver,0.61
cake,chocolate,0.54
evening,night,0.71
race,racing,0.80
flight,flying,0.81
face,lips,0.79
berry,raspberry,0.20
lamp,light,0.61
birds,nest,0.78
mother,pregnant,0.35
animals,pets,0.46
butterfly,insects,0.64
sky,sunrise,0.33
canine,husky,0.10
food,meat,0.47
cloud,sky,0.59
crow,feathers,0.40
blossom,flowers,0.67
splash,swim,0.57
band,musicians,0.58
cactus,plant,0.51
eagle,hawk,0.72
harbour,sea,0.39
flowers,foliage,0.29
red,violet,0.60
music,sing,0.78
breakfast,morning,0.79
cafe,restaurant,0.43
beach,coast,0.26
puddle,splash,0.40
birds,pelican,0.57
clothes,socks,0.55
amphibians,lizard,0.62
daughter,son,0.63
car,motor,0.35
amphibians,reptiles,0.89
day,morning,0.64
aircraft,flying,0.69
airplane,airport,0.70
metro,train,0.08
band,music,0.61
shadow,sunlight,0.40
night,sleep,0.75
salad,soup,0.61
porch,roof,0.38
eyes,tears,0.69
colour,rainbow,0.15
berry,fruit,0.18
red,yellow,0.74
socks,stockings,0.56
flamingo,hummingbird,0.23
tree,twigs,0.56
kiss,lips,0.55
burger,sandwich,0.18
pregnant,women,0.37
rain,weather,0.49
dinner,eat,0.39
feathers,hawk,0.67
animals,zoo,0.66
duck,mallard,0.22
mountain,valley,0.57
beach,harbour,0.29
musicians,rock,0.07
band,guitar,0.54
car,garage,0.69
feet,leg,0.34
sky,sunlight,0.26
mist,rain,0.37
mother,son,0.34
airplane,wing,0.52
colour,red,0.31
music,musicians,0.89
bay,beach,0.44
blonde,redhead,0.24
petals,plant,0.43
kitchen,room,0.63
lingerie,sexy,0.15
automobile,parking,0.51
bar,restaurant,0.17
bedroom,room,0.81
bus,taxi,0.45
fun,happy,0.57
station,train,0.64
pelican,stork,0.34
black,grey,0.41
orange,yellow,0.72
foliage,petals,0.18
park,parking,0.38
lips,tongue,0.49
fog,misty,0.42
canine,poodle,0.12
bath,washing,0.54
foliage,tree,0.47
panorama,view,0.11
bloom,daisy,0.21
escalator,stairs,0.21
petals,tulip,0.67
fishing,sea,0.40
beef,cattle,0.71
noodles,rice,0.43
birds,parrot,0.26
fruit,orange,0.34
mural,painting,0.67
airport,flight,0.69
shopping,store,0.74
summer,sunny,0.50
road,sidewalk,0.22
airplane,flying,0.78
guitar,music,0.72
cat,whiskers,0.55
family,friends,0.33
bloom,petals,0.53
musicians,piano,0.78
dirty,washing,0.51
elephant,giraffe,0.49
puppy,terrier,0.62
breakfast,kitchen,0.58
subway,underground,0.19
sand,shore,0.49
butterfly,dragonfly,0.61
cheetah,lion,0.18
colour,yellow,0.35
door,locked,0.73
bright,sunlight,0.42
van,vehicle,0.11
orange,red,0.64
beetles,insects,0.94
kids,mom,0.39
daughter,mother,0.40
children,school,0.33
giraffe,zebra,0.68
harbor,harbour,0.41
lamb,sheep,0.53
heart,love,0.22
lily,rose,0.20
asphalt,road,0.14
morning,sunny,0.40
coast,shore,0.40
sunny,sunset,0.31
nest,twigs,0.57
happy,smile,0.46
figure,skating,0.16
rail,train,0.53
door,wall,0.25
dawn,sun,0.32
feathers,stork,0.39
morning,sunshine,0.39
building,construction,0.70
cafe,coffee,0.50
bloom,buds,0.54
jacket,leather,0.50
map,travel,0.20
plant,seed,0.71
city,metro,0.51
pebbles,sand,0.79
cafe,lunch,0.28
coast,harbour,0.26
dog,pug,0.08
sky,sun,0.47
mallard,swan,0.38
cloud,rain,0.53
sky,sunshine,0.35
frost,weather,0.36
cherry,raspberry,0.18
downtown,street,0.50
bloom,dandelion,0.49
dragonfly,insects,0.84
bottle,wine,0.42
feel,happy,0.46
railway,station,0.43
beach,swimming,0.40
cafe,diner,0.35
cafe,pub,0.15
building,tall,0.28
burger,meat,0.26
gold,silver,0.88
summer,weather,0.37
military,soldiers,0.43
cemetery,grave,0.40
pizza,restaurant,0.45
bright,colour,0.39
canine,paws,0.19
swim,underwater,0.64
sea,swim,0.33
pub,restaurant,0.16
day,time,0.64
canine,terrier,0.21
bottle,glass,0.55
bed,relaxed,0.12
seed,sunflower,0.56
birds,owl,0.37
art,sculpture,0.85
light,shade,0.23
apartment,staircase,0.36
outfit,socks,0.47
carrots,potatoes,0.75
lizard,snake,0.55
city,sidewalk,0.16
guitar,rock,0.08
brick,building,0.68
eat,soup,0.42
dew,misty,0.15
blue,colour,0.39
dawn,morning,0.67
cooking,restaurant,0.37
bay,sea,0.45
cafe,shop,0.28
floor,roof,0.49
clothes,hat,0.53
marble,stone,0.46
duck,goose,0.49
collection,museum,0.46
happy,love,0.56
bakery,shop,0.24
mist,wet,0.34
blossom,petals,0.61
bright,light,0.50
rice,sushi,0.07
cooking,meat,0.66
day,night,0.54
kiss,love,0.48
stream,waterfall,0.49
interior,room,0.10
surf,surfers,0.59
poodle,terrier,0.44
cold,frost,0.57
city,town,0.27
ocean,underwater,0.65
harbor,sailing,0.59
scenery,sunset,0.20
green,violet,0.41
harbor,ship,0.67
summer,sunshine,0.50
blue,grey,0.47
art,graphic,0.29
lake,shore,0.41
rust,rusty,0.29
architecture,design,0.48
goose,swan,0.44
architecture,construction,0.33
hawk,nest,0.62
carrots,salad,0.63
fruit,tomato,0.49
purple,violet,0.45
misty,rain,0.22
clothes,jean,0.14
bloom,daffodils,0.48
brick,construction,0.62
diner,restaurant,0.35
ceiling,roof,0.62
painted,portrait,0.65
ripples,wave,0.79
beard,face,0.60
apple,raspberry,0.30
fashion,outfit,0.48
downtown,skyscraper,0.24
buds,daffodils,0.63
harbor,shore,0.47
blonde,hair,0.69
kittens,paws,0.38
bay,shore,0.53
shop,store,0.52
gravestone,memorial,0.17
canine,pug,-0.02
crow,hawk,0.46
dress,outfit,0.66
city,urban,0.54
bedroom,door,0.68
bus,tram,-0.01
spring,summer,0.70
scenery,waterfall,0.23
road,traffic,0.46
hill,valley,0.35
ceiling,floor,0.72
splash,water,0.49
grass,weed,0.50
sunny,weather,0.61
parrot,wing,0.20
daisy,violet,0.11
copper,silver,0.66
baseball,hockey,0.75
pets,poodle,0.41
blossom,foliage,0.39
pink,purple,0.63
grey,shade,0.41
panorama,scenery,0.37
downtown,metro,0.36
beard,hair,0.49
dandelion,petals,0.45
blue,violet,0.55
daisy,flowers,0.16
noodles,soup,0.25
pets,puppy,0.60
buds,petals,0.47
ancient,ruins,0.68
eyes,iris,0.36
puddle,water,0.36
harbor,sea,0.45
painting,sculpture,0.74
sand,sea,0.32
feline,kittens,0.18
birds,swan,0.58
baseball,game,0.87
colour,purple,0.33
pool,splash,0.59
cattle,sheep,0.80
landscape,scenery,0.30
coins,gold,0.54
boat,shore,0.66
skyscraper,tall,0.27
apple,cherry,0.50
beef,chicken,0.50
hot,sunny,0.42
dessert,fruit,0.47
photographer,portrait,0.36
chicken,meat,0.60
ceiling,interior,0.36
bathroom,bedroom,0.74
hummingbird,stork,0.22
motor,vehicle,0.60
colour,grey,0.65
blue,orange,0.72
dawn,dusk,0.62
building,downtown,0.32
face,tears,0.67
boat,harbour,0.39
cattle,farm,0.43
dripping,wet,0.61
brown,green,0.56
bedroom,ceiling,0.49
bread,eat,0.48
dinner,evening,0.61
face,smile,0.76
bride,dress,0.29
stone,wall,0.34
mural,painted,0.61
foliage,plant,0.10
day,dusk,0.35
roof,wall,0.60
cooking,food,0.42
photography,portrait,0.38
buds,foliage,0.28
lily,pond,0.30
harbour,shore,0.43
palm,tree,0.41
bus,subway,0.44
holiday,travel,0.12
skyline,view,0.23
bedroom,cottage,0.39
dinner,lunch,0.60
grave,memorial,0.21
dessert,sweet,0.37
birds,insects,0.31
concert,rock,0.15
mushrooms,tomato,0.18
metro,railway,0.07
giraffe,zoo,0.45
railway,subway,0.24
misty,weather,0.17
parrot,pelican,0.28
bedroom,sleep,0.46
autumn,summer,0.57
automobile,truck,0.32
amphibians,mammals,0.53
cemetery,memorial,0.17
orange,purple,0.60
blue,colour,0.39
daffodils,rose,0.05
berry,seed,0.10
hummingbird,mallard,0.18
dandelion,grass,0.21
brick,concrete,0.72
costumes,dress,0.27
cloud,mist,0.49
sea,tropical,0.21
brown,grey,0.47
bathroom,room,0.66
daisy,plant,0.06
painted,picture,0.32
eyes,lips,0.76
autumn,winter,0.58
dripping,rain,0.39
horizon,sky,0.73
black,blue,0.31
metro,station,0.09
alley,street,0.62
children,family,0.27
mountain,scenery,0.32
concrete,construction,0.67
mill,windmill,0.22
summer,winter,0.86
plant,twigs,0.16
breakfast,lunch,0.62
concrete,floor,0.22
rain,sky,0.30
food,frozen,0.23
moss,plant,0.56
flowers,spring,0.35
birds,mallard,0.26
graphic,illustrations,0.67
eat,fruit,0.45
ceiling,porch,0.23
river,valley,0.59
fog,mist,0.59
dude,guy,0.49
moon,sky,0.37
bar,sushi,0.01
beauty,scenery,0.34
feathers,mallard,0.26
furniture,patio,0.18
light,shadow,0.48
bay,harbour,0.32
washing,water,0.43
flight,owl,0.14
paws,whiskers,0.62
costumes,wig,0.16
animals,giraffe,0.44
autumn,foliage,0.45
animals,cattle,0.23
building,skyscraper,0.44
ice,skating,0.56
meat,potatoes,0.63
buds,twigs,0.33
knitting,stitches,0.38
hot,sunshine,0.35
bed,room,0.65
music,rock,0.10
cooking,rice,0.40
berry,cherry,0.26
piano,played,0.58
flowers,lily,0.23
cherry,strawberry,0.23
clothes,skirt,0.53
art,painting,0.86
birds,gull,0.52
spiral,staircase,0.19
paws,pets,0.37
feathers,nest,0.71
feathers,owl,0.31
blossom,cherry,0.47
goats,sheep,0.81
green,pink,0.53
foliage,garden,0.24
dog,husky,0.49
feathers,hummingbird,0.51
sunshine,weather,0.39
snow,weather,0.34
surfers,wave,0.71
breakfast,dinner,0.65
shoes,toes,0.47
band,played,0.44
coffee,mug,0.55
brick,wall,0.67
fishing,sailing,0.22
grey,white,0.42
orange,strawberry,0.24
colour,purple,0.33
blossom,daisy,0.23
hawk,owl,0.35
exhibition,photography,0.22
morning,night,0.63
band,concert,0.58
dress,shirt,0.61
river,waterfall,0.37
ceramic,tiles,0.19
cloud,droplets,0.72
exhibition,sculpture,0.46
oak,twigs,0.54
movie,television,0.53
butterfly,hummingbird,0.36
daisy,grass,0.13
floor,marble,0.19
canyon,river,0.26
decoration,interior,0.26
flamingo,stork,0.25
born,mother,0.35
moon,sun,0.28
musicians,sing,0.69
green,red,0.47
purple,white,0.37
canine,pets,0.14
morning,sleep,0.51
weather,winter,0.44
sky,sunny,0.32
jacket,socks,0.51
blue,red,0.69
green,grey,0.30
lily,petals,0.15
blue,purple,0.68
goose,mallard,0.23
hotel,restaurant,0.51
downtown,urban,0.38
jean,skirt,0.27
guy,people,0.12
birthday,happy,0.48
chicken,soup,0.50
flying,wing,0.76
door,room,0.57
skyline,skyscraper,0.25
cheetah,giraffe,0.15
feline,pets,0.22
car,parking,0.74
gull,mallard,0.23
spring,winter,0.74
daffodils,spring,0.33
building,skyline,0.26
salad,tomato,0.66
book,written,0.31
bucket,water,0.48
lady,sexy,0.10
ceiling,room,0.59
puddle,rain,0.30
costumes,outfit,0.22
hill,scenery,0.14
bacon,chicken,0.54
dawn,night,0.71
cocktail,restaurant,0.28
daffodils,petals,0.38
canyon,valley,0.48
brick,house,0.28
band,rock,0.11
book,illustrations,0.35
desk,sitting,0.37
bright,sky,0.61
autumn,sunny,0.32
colour,yellow,0.35
cold,weather,0.57
blue,green,0.66
glittering,sunlight,0.23
dripping,water,0.35
day,misty,0.32
food,noodles,0.25
goats,milk,0.39
pink,yellow,0.72
floor,interior,0.21
black,purple,0.27
door,window,0.66
city,skyline,0.32
born,living,0.20
art,work,0.20
pink,violet,0.39
bath,room,0.42
dew,rain,0.52
boys,girls,0.89
canyon,mountain,0.60
white,yellow,0.43
colour,shade,0.38
banana,cherry,0.28
mammals,rodents,0.61
explosion,fire,0.31
shore,swim,0.43
cloud,misty,0.30
sitting,stand,0.44
glittering,gold,0.46
black,white,0.72
light,neon,0.37
machine,washing,0.26
coffee,dinner,0.53
feathers,flamingo,0.40
downtown,sidewalk,0.38
cooking,eat,0.34
feline,paws,0.28
crow,gull,0.23
festival,music,0.18
dirt,road,0.38
gull,pelican,0.63
carrots,tomato,0.62
blossom,tree,0.34
restaurant,shop,0.35
cherry,grapes,0.27
automobile,racing,0.20
jazz,piano,0.81
hawk,pelican,0.47
baseball,played,0.69
bloom,plant,0.41
ceiling,wall,0.71
beef,potatoes,0.50
breakfast,restaurant,0.38
black,colour,0.34
bright,glittering,0.50
hummingbird,nest,0.56
feline,whiskers,0.16
beach,holiday,0.21
sailing,shore,0.34
design,graphic,0.52
music,track,0.01
air,cold,0.29
dessert,eat,0.37
chocolate,strawberry,0.34
dinner,night,0.38
dusk,sunrise,0.42
boat,sunk,0.27
beef,cooking,0.43
jacket,jean,0.14
computer,lab,0.08
downtown,skyline,0.25
fun,game,0.28
ivy,tree,0.23
nest,wasp,0.37
garden,pumpkin,0.38
curled,haircut,0.19
eat,meat,0.53
outfit,skirt,0.52
bacon,beef,0.45
skyscraper,tower,0.24
splash,washing,0.28
daffodils,foliage,0.18
garden,patio,0.13
metro,subway,0.23
beach,scenery,0.11
photographer,wedding,0.12
floor,room,0.59
purple,yellow,0.69
guitar,sing,0.67
petals,yellow,0.27
beads,necklace,0.33
black,brown,0.43
dessert,strawberry,0.26
beef,lamb,0.53
bread,potatoes,0.67
fishing,harbour,0.28
pug,terrier,0.05
evening,time,0.51
office,table,0.06
cat,licking,0.30
building,interior,0.37
crochet,stitches,0.29
spring,sunshine,0.42
concert,jazz,0.78
cooking,soup,0.60
shade,sun,0.41
tall,tower,0.30
pepper,salad,0.40
strawberry,tomato,0.52
fruit,peel,0.30
scenery,skyline,0.17
green,yellow,0.65
brown,orange,0.48
colour,orange,0.26
harbour,ship,0.42
violet,yellow,0.55
sports,swimming,0.35
friends,happy,0.56
blue,pink,0.72
blossom,orange,0.24
rail,station,0.36
potatoes,salad,0.59
interior,wall,0.39
hawk,hummingbird,0.38
cliff,coast,0.19
feathers,wing,0.65
brown,yellow,0.61
raspberry,sweet,0.26
concert,sing,0.61
art,craft,0.14
bloom,foliage,0.39
chicken,rice,0.35
cherry,orange,0.32
blossom,fruit,0.35
animals,wild,0.52
line,railway,0.19
roof,tiles,0.62
concert,piano,0.75
potatoes,rice,0.60
cloud,sunshine,0.23
marble,statue,0.52
frozen,meat,0.42
band,punk,0.14
insects,reptiles,0.15
building,staircase,0.26
bed,breakfast,0.48
bloom,lily,0.21
blonde,girls,0.19
jean,outfit,0.19
bread,cooking,0.58
flowers,violet,0.14
peel,skin,0.17
dessert,diner,0.29
art,exhibition,0.52
jacket,shirt,0.72
brown,purple,0.48
floor,patio,0.22
downtown,highway,0.24
purple,red,0.53
dragonfly,frog,0.26
mammals,monkeys,0.51
mist,morning,0.42
feathers,gull,0.60
gull,stork,0.41
dusk,morning,0.44
guitar,played,0.44
bloom,violet,0.15
mallard,stork,0.23
band,piano,0.60
glittering,sky,0.41
orange,pink,0.58
potatoes,soup,0.39
grey,violet,0.17
construction,demolition,0.11
scenery,valley,0.23
morning,sky,0.29
beach,cliff,0.45
storm,tropical,0.07
black,pink,0.39
hat,jacket,0.56
dragonfly,hummingbird,0.49
pink,white,0.50
blue,yellow,0.80
cold,hot,0.48
flowers,pink,0.33
bright,star,0.44
restaurant,sushi,0.02
guitar,keyboard,0.08
diner,sushi,0.06
furniture,room,0.46
desert,scenery,0.08
cafe,dinner,0.35
bakery,cafe,0.25
flamingo,pelican,0.28
salad,sandwich,0.54
bright,dark,0.63
building,floor,0.35
bacon,eat,0.33
apartment,floor,0.43
railway,underground,0.15
lips,smile,0.67
fungi,plant,0.25
breakfast,diner,0.20
feathers,pelican,0.59
bath,hot,0.34
arch,roof,0.33
game,match,0.30
metro,rail,0.17
decoration,wood,0.31
building,demolition,0.14
art,collage,0.34
ship,sunk,0.36
grey,purple,0.39
garden,lawn,0.56
orange,violet,0.58
ivy,oak,0.27
dog,licking,0.45
dawn,sunny,0.28
fun,kids,0.41
lunch,restaurant,0.49
metro,underground,0.08
eat,strawberry,0.23
foliage,rose,0.36
evening,sleep,0.44
construction,interior,0.54
weather,wet,0.43
fruit,nuts,0.65
car,park,0.13
ink,pencil,0.58
frost,wet,0.38
mural,work,0.23
berry,blossom,0.29
decoration,lighting,0.28
man,muscle,0.02
dripping,puddle,0.47
porch,stairs,0.55
brown,red,0.47
iron,rusty,0.24
apartment,bedroom,0.49
foliage,lily,0.05
face,happy,0.27
airport,traffic,0.23
rain,wind,0.41
handwriting,sketch,0.17
city,living,0.11
rain,sunny,0.40
blonde,haircut,0.42
abandoned,ruins,0.27
black,yellow,0.33
bacon,cooking,0.52
dragonfly,pond,0.38
ceiling,staircase,0.57
morning,time,0.43
potatoes,sweet,0.52
day,sunny,0.49
hotel,house,0.12
guy,haircut,0.28
mud,sand,0.48
staircase,wall,0.35
brown,white,0.33
dinner,sitting,0.54
evening,morning,0.69
bench,sitting,0.52
hummingbird,pelican,0.34
bike,chopper,0.02
foliage,tulip,0.23
bar,cafe,0.20
autumn,sunshine,0.46
potatoes,tomato,0.58
scenery,trail,0.14
jacket,skirt,0.51
construction,skyscraper,0.30
chicken,lamb,0.49
grey,orange,0.31
bikini,lake,0.11
carrots,soup,0.42
bar,diner,0.08
dessert,frozen,0.43
cooking,diner,0.15
violet,white,0.30
apple,dessert,0.31
cooking,noodles,0.38
born,son,0.42
insects,lizard,0.12
foliage,twigs,0.47
outdoor,pool,0.16
morning,sunset,0.42
escalator,subway,0.31
bacon,soup,0.47
berry,sweet,0.30
grey,pink,0.59
rain,sunshine,0.38
game,played,0.77
cocktail,dinner,0.27
building,concrete,0.56
street,town,0.44
friends,love,0.37
festival,musicians,0.23
berry,twigs,0.33
ball,dropped,0.16
black,violet,0.10
hawk,wild,0.37
cooking,salad,0.66
floor,staircase,0.56
lawn,patio,0.21
guy,sports,0.12
blossom,purple,0.32
cold,rain,0.30
reptiles,wild,0.04
glittering,sunshine,0.47
room,staircase,0.65
mammals,wild,0.20
interior,painted,0.14
forest,frog,0.02
ceiling,window,0.50
coast,sailing,0.55
relaxed,sitting,0.36
fungi,moss,0.42
interior,staircase,0.14
bride,photographer,0.09
dirt,racing,0.22
frozen,raspberry,0.10
boys,school,0.29
brown,violet,0.26
played,stadium,0.56
chapel,graveyard,0.25
dew,frost,0.31
dark,grey,0.53
desert,mountain,0.25
berry,purple,0.27
collage,illustrations,0.24
cold,wet,0.46
burger,cooking,0.19
day,evening,0.62
jean,shirt,0.14
blue,white,0.49
giraffe,lion,0.33
dandelion,foliage,0.18
birds,reptiles,0.47
bathroom,floor,0.53
love,smile,0.33
small,village,0.35
hat,jean,0.16
bright,orange,0.56
buds,fruit,0.36
fell,tears,0.47
food,fruit,0.39
red,white,0.41
collage,exhibition,0.11
orange,raspberry,0.22
hat,outfit,0.49
hockey,played,0.61
berry,eat,0.14
bag,pillow,0.31
bread,salad,0.68
bathroom,ceiling,0.46
bacon,burger,0.12
ceramic,floor,0.03
fun,relaxed,0.19
dawn,misty,0.55
hot,weather,0.32
pepper,potatoes,0.33
pink,red,0.59
interior,roof,0.33
cute,kids,0.53
vine,wine,0.06
skyline,tower,0.31
pets,terrier,0.53
girls,sexy,0.08
downtown,subway,0.53
jump,leg,0.44
dessert,salad,0.78
shirt,socks,0.62
exhibition,painting,0.43
boardwalk,trail,0.03
apple,blossom,0.39
hawk,mallard,0.22
hand,stand,0.37
flowers,yellow,0.34
floor,porch,0.29
dripping,washing,0.37
foliage,ivy,0.19
cliff,waterfall,0.49
foliage,fruit,0.23
orange,white,0.37
station,underground,0.17
foliage,yellow,0.35
dude,friends,0.04
forest,tropical,0.60
rain,sun,0.17
belly,dance,0.25
man,sexy,0.04
colourful,outfit,0.29
reptiles,rodents,0.33
burger,salad,0.23
fruit,sweet,0.57
flamingo,mallard,0.15
garage,kitchen,0.28
roof,stairs,0.42
club,hockey,0.36
house,staircase,0.17
feel,kiss,0.27
bright,red,0.53
lake,valley,0.31
door,patio,0.22
apartment,kitchen,0.35
grey,yellow,0.41
chicken,salad,0.61
punk,rock,0.14
bloom,twigs,0.30
blonde,wig,0.47
cold,water,0.27
blurred,lens,0.59
door,porch,0.58
foliage,orchids,0.32
door,interior,0.11
female,makeup,0.09
cloud,sunlight,0.15
beach,pebbles,0.51
bright,yellow,0.65
bed,floor,0.41
cherry,dessert,0.17
misty,sunrise,0.34
dark,shade,0.39
railroad,underground,0.21
cafe,donut,0.13
musicians,punk,0.10
memorial,people,0.19
stop,time,0.44
glittering,star,0.18
fun,idea,0.22
band,uniform,0.18
insects,plant,0.23
bedroom,kitchen,0.67
harbour,scenery,0.13
collage,painting,0.40
mist,sky,0.57
dawn,sunshine,0.35
costumes,shirt,0.13
mud,water,0.37
blossom,violet,0.14
fishing,shore,0.51
cloud,sunny,0.23
shade,sunlight,0.48
friends,smile,0.31
bacon,salad,0.51
pod,round,0.30
flowers,fruit,0.44
abstract,museum,0.27
door,stairs,0.81
feet,tall,0.48
cooking,fruit,0.46
burger,soup,0.20
match,played,0.28
cattle,goats,0.61
camera,theatre,0.15
flowers,wild,0.25
licking,lips,0.32
lunch,tea,0.27
berry,dessert,0.02
downtown,shopping,0.52
kitchen,washing,0.41
petals,twigs,0.21
happy,kids,0.27
amphibians,birds,0.24
cold,sunny,0.46
meat,soup,0.45
camel,desert,0.63
foliage,shade,0.55
restaurant,room,0.21
couple,family,0.29
birds,mammals,0.55
arch,porch,0.12
kitty,licking,0.04
blossom,ivy,0.26
grey,red,0.33
bright,pink,0.62
bay,cliff,0.28
door,staircase,0.55
chess,toys,0.22
gull,hummingbird,0.34
beauty,peacock,0.33
boardwalk,park,0.20
city,ruins,0.43
bay,swim,0.19
daisy,foliage,0.03
apartment,bathroom,0.48
flowers,purple,0.35
hill,path,0.34
match,stadium,0.30
monument,ruins,0.34
dark,white,0.36
ancient,city,0.21
licking,puppy,0.40
metal,punk,0.05
hotel,relaxed,0.18
nuts,sunflower,0.30
hot,wet,0.46
glass,vinyl,0.27
foliage,moss,0.41
coast,scenery,0.15
bacon,bread,0.53
brick,roof,0.60
wet,winter,0.29
dark,silhouette,0.24
bacon,dessert,0.51
floor,stairs,0.60
day,lunch,0.49
line,lunch,0.06
room,sitting,0.58
interior,outdoor,0.17
shirt,white,0.34
licking,paws,0.60
brown,pink,0.65
friends,fun,0.52
city,downtown,0.52
pool,relaxed,0.17
birds,dragonfly,0.39
bacon,tomato,0.42
dandelion,seed,0.74
purple,shade,0.44
bacon,pepper,0.34
dark,purple,0.38
door,floor,0.39
sidewalk,street,0.77
bacon,sandwich,0.42
petals,pink,0.21
colour,dark,0.36
brick,staircase,0.28
fog,sunny,0.37
valley,waterfall,0.40
rice,soup,0.32
patio,pool,0.16
patio,sitting,0.26
river,scenery,0.15
beard,blonde,0.42
nest,stork,0.38
carrots,pepper,0.35
collage,painted,0.37
jump,swimming,0.37
chapel,gravestone,0.11
feel,smile,0.24
flag,stripes,0.62
harbour,town,0.19
guitar,punk,0.12
scenery,sunny,0.18
christmas,valentine,0.25
bloom,pink,0.33
born,daughter,0.37
insects,rodents,0.45
bedroom,floor,0.53
stairs,wall,0.38
chapel,ruins,0.17
beef,tomato,0.37
doodle,scratch,0.08
daffodils,purple,0.14
lake,scenery,0.17
roof,staircase,0.35
boys,living,0.00
chain,store,0.14
coast,hill,0.05
mushrooms,pepper,0.13
porch,window,0.49
hot,water,0.27
socks,white,0.23
arch,bridge,0.46
dessert,raspberry,0.16
brick,ceiling,0.54
scenery,sunshine,0.18
city,square,0.18
stand,walk,0.52
evening,fun,0.24
happy,sexy,0.11
burger,mac,0.06
painted,sculpture,0.66
misty,morning,0.38
frost,rain,0.35
colour,shade,0.38
bacon,potatoes,0.40
patio,stairs,0.25
hot,washing,0.24
button,stickers,0.10
cute,happy,0.40
happy,tears,0.40
pepper,soup,0.40
alley,racing,0.24
smile,tears,0.55
train,underground,0.17
blonde,curled,0.33
flamingo,mammals,0.17
porch,staircase,0.34
ford,river,0.06
room,stairs,0.71
face,glittering,0.30
nest,reptiles,0.36
sailing,sunk,0.25
floor,kitchen,0.39
cottage,garden,0.45
day,weather,0.23
amphibians,insects,0.20
eat,sweet,0.33
pregnant,round,0.04
brown,feathers,0.16
bed,sitting,0.48
bike,rally,0.10
apartment,patio,0.34
cooking,dessert,0.61
lily,purple,0.10
kitchen,patio,0.25
line,subway,0.06
breakfast,room,0.32
gull,reptiles,0.13
dirty,rusty,0.37
bath,bedroom,0.42
cottage,patio,0.15
misty,sunshine,0.39
band,metal,0.14
skyline,tall,0.19
berry,foliage,0.34
mushrooms,salad,0.16
abandoned,soldiers,0.15
bath,kitchen,0.45
sitting,stop,0.42
outdoor,swimming,0.27
ruins,stone,0.53
building,sidewalk,0.29
fell,stop,0.31
cloud,ripples,0.11
cliff,scenery,0.10
salad,strawberry,0.36
graveyard,ruins,0.14
pepper,tomato,0.40
line,metro,0.02
birds,wild,0.38
hill,road,0.53
cliff,harbour,0.23
clothes,sexy,0.19
baseball,club,0.39
petals,purple,0.24
collar,skirt,0.47
cottage,sleep,0.14
match,round,0.26
kitchen,stairs,0.54
church,graveyard,0.21
lighthouse,wall,0.11
kitchen,sitting,0.51
dawn,spring,0.22
hot,spring,0.15
flowers,weather,0.04
children,fun,0.21
evening,walk,0.40
cliff,sea,0.31
cold,mist,0.29
station,theatre,0.11
dusk,misty,0.56
friends,lady,0.22
mountain,sea,0.16
escalator,metro,0.08
living,old,0.15
friends,guy,0.19
theatre,tv,0.18
ceiling,kitchen,0.38
nature,snowman,0.03
coins,tickets,0.29
plane,sailing,0.02
sea,sunk,0.42
bench,boardwalk,0.11
happy,kiss,0.38
bath,bed,0.47
restaurant,shopping,0.37
canine,run,0.07
lunch,sitting,0.40
bus,rail,0.17
frog,tropical,-0.01
bathroom,bed,0.59
goose,wolf,0.15
happy,mom,0.12
black,painted,0.16
glittering,scenery,0.11
beef,salad,0.50
construction,downtown,0.13
parking,underground,0.10
park,skate,0.37
apartment,pool,0.18
flood,line,0.01
marble,wall,0.34
hummingbird,tropical,0.05
palace,ruins,0.27
panda,pigs,0.09
frost,shade,0.29
cherry,sweet,0.42
carrots,fruit,0.67
brick,skyscraper,0.32
collage,sculpture,0.23
fruit,potatoes,0.68
grey,stripes,0.25
patio,room,0.25
fun,sexy,0.11
blue,fabric,0.15
guy,sexy,0.15
guitar,track,-0.04
misty,scenery,0.09
kitchen,porch,0.56
sweet,wine,0.28
cute,guy,0.37
bedroom,relaxed,0.10
hummingbird,insects,0.52
hill,horizon,0.28
beef,pepper,0.24
hand,left,0.54
beef,deer,0.17
frog,whale,-0.07
bright,shade,0.48
cooking,frozen,0.40
festival,gate,0.20
interior,object,0.11
bathroom,sitting,0.50
smoke,sun,0.06
crochet,jewelry,0.00
architecture,skyline,0.20
cold,puddle,0.13
blurred,eyes,0.47
guy,sleep,0.13
baseball,shirt,0.19
amphibians,pelican,0.03
shade,violet,0.23
green,shade,0.43
evening,sunny,0.36
blue,stripes,0.56
patio,staircase,0.26
puddle,street,0.14
eyes,smile,0.63
canine,licking,0.09
outfit,punk,0.03
dragonfly,reptiles,0.20
mist,sunshine,0.48
castle,ruins,0.14
angel,sculpture,0.03
buds,ivy,0.22
chicken,mammals,0.23
family,living,0.16
carrots,sunflower,0.29
interior,stairs,0.11
craft,game,0.03
valley,village,0.21
brown,gull,0.15
decoration,tulip,0.11
buds,pink,0.14
dessert,orange,0.30
mammals,reptiles,0.70
cute,sexy,0.16
relaxed,scenery,0.17
blue,bright,0.67
cold,misty,0.25
floor,skyscraper,0.11
coast,valley,0.19
ceiling,stairs,0.53
couple,living,0.16
red,stripes,0.49
sing,written,0.07
hanging,stand,0.43
meat,pepper,0.30
insects,mammals,0.17
track,vinyl,-0.00
show,sketch,0.32
clothes,cute,0.24
harbour,sunk,0.49
dude,sexy,0.08
blue,shade,0.46
garden,house,0.45
crane,wild,0.11
feel,tears,0.29
bar,relaxed,0.13
breakfast,sleep,0.45
shore,valley,0.09
amphibians,wild,-0.00
door,kitchen,0.50
sexy,smile,0.21
stripes,white,0.42
family,males,0.05
hummingbird,mammals,0.23
amphibians,dragonfly,0.23
rice,yellow,0.16
happy,time,0.46
line,street,0.06
black,skirt,0.22
porch,wall,0.15
dropped,hanging,0.55
mist,sunny,0.29
pepper,strawberry,0.26
ruins,skyline,0.25
nude,painting,0.48
diner,patio,0.10
bridge,ford,0.13
blonde,cute,0.25
morning,weather,0.16
dress,match,0.18
fungi,rust,0.09
stripes,yellow,0.45
chapel,tower,0.43
feathers,wild,0.27
cake,christmas,0.27
bright,raspberry,0.27
harbor,sunk,0.33
barn,owl,0.19
daisy,purple,0.19
frost,grass,0.33
blue,shirt,0.38
posted,view,0.01
hawk,mammals,0.16
garden,kitchen,0.27
bright,purple,0.58
cute,haircut,0.15
hawk,reptiles,0.14
fun,lego,-0.04
snow,sunshine,0.28
bloom,purple,0.41
family,female,0.04
orange,salad,0.34
architecture,shade,0.08
bedroom,stairs,0.78
hill,town,0.33
bread,dessert,0.58
cathedral,step,0.17
bedroom,staircase,0.59
shore,town,0.15
bench,game,0.36
mist,sunlight,0.28
fountain,marble,0.29
makeup,reflection,0.16
cocktail,relaxed,0.24
sketch,texture,0.18
deer,elephant,0.36
bed,ceiling,0.33
evening,relaxed,0.24
berry,ivy,0.24
ruins,village,0.19
cafe,street,0.49
palm,twigs,0.35
frost,spring,0.40
daisy,pink,0.34
dirty,hand,0.27
arch,wall,0.28
porch,room,0.38
cottage,scenery,0.13
fruit,meat,0.62
cute,smile,0.32
bath,floor,0.25
old,town,0.29
skirt,white,0.28
glittering,misty,0.29
fire,sand,0.06
sitting,staircase,0.36
blue,dark,0.40
nails,rusty,0.20
ceiling,marble,0.30
basket,dinner,0.36
card,party,0.00
bright,foliage,0.40
cold,dripping,0.37
lamb,snow,0.09
cafe,relaxed,0.19
cathedral,ruins,0.45
hill,river,0.18
friends,night,0.24
orange,shade,0.39
living,males,0.03
coffee,lunch,0.42
key,palace,0.05
shop,show,0.18
burger,dessert,0.18
morning,relaxed,0.20
craft,note,0.03
dessert,sandwich,0.53
dirty,feel,0.18
beer,patio,0.16
eat,frozen,0.18
brick,porch,0.21
ceiling,door,0.34
deer,insects,0.22
happy,home,0.43
rock,track,0.05
footprint,tiles,0.01
exhibition,work,0.19
city,lamp,0.03
cute,lady,0.28
shade,white,0.26
beauty,orchids,0.10
hummingbird,rodents,0.25
haircut,sexy,0.26
arch,concrete,0.40
airport,asphalt,0.07
air,dew,0.40
pregnancy,sitting,0.08
frost,plant,0.11
forest,hummingbird,0.07
kiss,smile,0.63
eat,rabbit,0.19
autumn,shade,0.41
guy,kids,0.70
fell,love,0.25
oak,rose,0.22
city,fireworks,0.20
lamb,mother,0.28
cone,diamond,-0.00
concrete,school,0.10
scenery,sketch,0.09
face,guy,0.29
scenery,shore,0.09
daisy,gravestone,0.02
field,skyscraper,-0.00
leather,rope,0.26
sunk,sunset,0.30
amphibians,brown,0.02
evening,misty,0.38
miniature,painting,0.11
dessert,wine,0.31
foliage,tall,0.33
evening,lunch,0.38
dark,orange,0.32
dessert,lunch,0.48
misty,mountain,0.29
boys,hand,0.10
dessert,soup,0.59
blue,skirt,0.41
dark,pink,0.46
interior,patio,0.12
sunny,wet,0.48
camera,painting,0.13
automobile,police,0.15
boardwalk,evening,0.22
guy,smile,0.33
sitting,time,0.51
pink,skirt,0.58
ivy,wall,0.15
rock,sing,0.08
action,truck,0.08
hill,shore,0.25
happy,morning,0.38
demolition,skyscraper,0.10
happy,idea,0.19
hummingbird,reptiles,0.14
breakfast,sitting,0.44
light,sleep,0.13
cute,feel,0.13
beads,gold,0.22
clothes,haircut,0.25
evening,sunshine,0.34
foliage,violet,0.18
cathedral,interior,0.30
posted,quote,0.02
mammals,pelican,0.20
escalator,underground,0.12
band,outfit,0.18
church,interior,0.11
market,sushi,-0.00
grey,rusty,0.24
arch,brick,0.45
feel,sleep,0.24
insects,twigs,0.32
colourful,toys,-0.01
cherry,vine,0.23
dessert,noodles,0.44
black,pencil,0.11
band,track,0.12
happy,sleep,0.29
skate,vehicle,0.01
dessert,rice,0.33
movie,shopping,0.15
shade,twigs,0.46
frost,sunny,0.35
misty,sky,0.49
misty,sunset,0.51
black,stripes,0.26
church,porch,0.10
morning,smile,0.39
autumn,frost,0.42
bath,patio,0.17
person,stairs,0.05
pumpkin,valley,0.11
dark,pod,0.14
children,living,0.11
orchids,patio,0.02
shade,yellow,0.46
dirty,dripping,0.31
key,stone,0.07
people,stairs,0.10
bathroom,staircase,0.44
dome,interior,0.32
breakfast,hotel,0.27
bike,patio,0.17
female,old,0.04
glittering,smile,0.33
downtown,shore,-0.01
fruit,sunflower,0.32
feline,reptiles,0.02
run,train,0.27
shopping,street,0.34
cat,garden,0.17
cute,mom,0.20
steel,wing,0.04
guy,walk,0.24
horse,work,0.06
chipmunk,wolf,0.45
red,shade,0.30
school,traffic,0.09
dance,hotel,0.14
sunny,winter,0.41
ceramic,colour,0.02
house,poster,0.16
colourful,frame,-0.01
sweet,vine,0.23
barn,food,0.06
field,squirrel,0.04
brown,hawk,0.19
city,small,0.17
dark,violet,0.23
brick,interior,0.40
couple,female,0.18
cliff,sand,0.47
key,motor,0.09
square,town,0.27
misty,sunny,0.31
jean,washing,0.18
feet,piano,0.06
model,toes,0.01
crystal,spiral,0.08
cliff,shore,0.46
lake,whale,-0.02
shore,waterfall,0.30
foliage,pink,0.32
hawk,insects,0.12
curled,whiskers,0.50
dessert,pepper,0.34
dinner,room,0.38
art,drive,0.03
dropped,time,0.46
hanging,sitting,0.61
skin,sunglasses,0.11
lunch,morning,0.50
drug,musicians,0.02
redhead,rusty,0.14
living,race,0.09
fell,stand,0.34
cliff,fence,0.26
misty,snow,0.26
gasoline,town,0.03
decoration,twigs,0.15
flowers,shade,0.34
skin,skirt,0.07
feel,idea,0.14
ruins,town,0.11
bedroom,breakfast,0.42
lunch,relaxed,0.13
fountain,hill,0.22
couple,males,0.23
bathroom,patio,0.26
dusk,hummingbird,0.10
guitar,vinyl,-0.01
bright,fruit,0.18
dead,hanging,0.37
heart,wing,0.08
salad,sunflower,0.03
bedroom,patio,0.25
badge,metro,0.04
fun,time,0.37
dark,red,0.26
concrete,interior,0.41
cone,windmill,-0.00
racing,shirt,0.15
mom,smile,0.20
object,scooter,0.03
cone,hill,0.04
breakfast,relaxed,0.17
friends,relaxed,0.17
fun,guy,0.21
black,bright,0.29
dancers,palace,0.19
frozen,salad,0.40
brown,hummingbird,0.12
escalator,railway,0.15
camel,outdoor,0.05
autumn,buds,0.41
males,old,0.05
held,nest,0.10
cute,mammals,0.15
baseball,show,0.11
patio,spring,0.11
mammals,nest,0.36
cow,pregnancy,0.07
fun,night,0.20
game,rocket,0.00
downtown,ruins,0.12
makeup,people,0.15
interior,porch,0.07
bed,patio,0.12
relaxed,sunshine,0.12
dark,yellow,0.42
floor,sitting,0.41
grave,number,0.06
mill,sunflower,0.02
farm,wind,0.07
cold,washing,0.20
dripping,hot,0.32
idea,people,0.29
couple,old,0.34
food,gull,0.03
gate,hotel,0.18
glittering,night,0.24
cold,sun,0.21
chicken,pepper,0.44
salad,sweet,0.38
porch,stone,0.12
coffee,room,0.30
berry,bright,0.31
amphibians,hummingbird,0.02
flamingo,insects,0.10
club,shirt,0.22
porch,tower,0.21
skateboard,swimsuit,-0.01
desert,road,0.07
kiss,tears,0.65
feathers,grey,0.13
club,match,0.25
sitting,sleep,0.36
chapel,porch,0.20
figure,spiral,0.36
buds,purple,0.27
birds,shade,0.21
blonde,dark,0.27
burger,frozen,0.15
chain,engine,0.12
bathroom,porch,0.45
country,work,0.17
left,stop,0.32
desk,white,0.09
object,piano,0.07
can,mill,0.12
female,race,0.05
frost,sunshine,0.43
soup,sweet,0.39
black,seat,0.21
lion,pelican,0.08
graffiti,interior,0.02
apartment,sleep,0.17
cold,summer,0.50
market,orange,0.07
guy,kiss,0.30
dirty,guy,0.27
arms,caterpillars,0.06
foliage,frost,0.32
gravestone,pattern,0.05
shop,summer,0.13
petals,shade,0.18
gull,mammals,0.12
cone,palm,0.20
makeup,town,0.02
gull,insects,-0.03
dessert,meat,0.54
morning,sitting,0.49
dolls,new,0.14
butterfly,glittering,0.12
interior,skyscraper,0.18
market,white,0.04
cute,fun,0.40
night,sunny,0.28
bed,staircase,0.40
miniature,painted,0.19
bloom,glittering,0.21
evening,friends,0.42
city,mill,0.09
coast,downtown,0.01
dew,sunshine,0.22
dragonfly,underwater,0.15
star,storm,0.05
patio,washing,0.11
cold,ear,0.10
house,windmill,0.10
flying,toys,0.10
breakfast,evening,0.55
hanging,rusty,0.46
dinner,relaxed,0.27
aircraft,door,0.01
porch,ruins,0.05
cop,dirty,0.29
cross,tower,0.26
city,old,0.17
cold,sunshine,0.37
dragon,metal,-0.02
light,shed,0.13
hotel,library,0.13
feel,friends,0.42
parking,scenery,0.11
ruins,tower,0.27
abandoned,railroad,0.19
bright,violet,0.35
couple,makeup,0.07
dude,smile,0.18
dirty,rabbit,0.13
smile,walk,0.38
autumn,daffodils,0.31
hotel,sand,0.04
crystal,dirt,0.05
reptiles,stork,0.08
coast,sunk,0.25
dark,rusty,0.24
band,vinyl,0.02
parrot,reptiles,0.04
steel,town,0.04
architecture,table,0.01
bedroom,porch,0.46
aquarium,seagull,-0.01
butterfly,transformers,0.01
feel,sitting,0.29
landscape,stadium,0.04
lunch,walk,0.33
church,cookies,0.04
stripes,violet,0.29
origami,white,-0.04
bag,flag,0.06
escalator,station,0.23
dawn,snow,0.20
green,lantern,0.19
painting,work,0.23
pigeon,round,0.20
haircut,smile,0.29
coast,sketch,0.02
colourful,duck,-0.07
man,stand,0.35
demolition,interior,0.02
pelican,toes,0.07
garage,garden,0.22
brown,insects,0.02
family,old,0.14
brown,pelican,0.16
fountain,parade,0.16
fungi,insects,0.00
female,living,0.07
frost,hot,0.20
handle,shop,0.29
happy,stand,0.32
collection,work,0.17
pepper,sunflower,0.10
graphic,roof,-0.03
played,spiral,0.06
cute,fashion,0.16
ball,square,0.07
red,tea,0.16
port,sweet,0.05
lunch,sunny,0.27
night,stop,0.25
muscle,nature,0.02
guy,sitting,0.47
game,scooter,0.13
interior,toys,0.08
gate,pebbles,0.09
blue,socks,0.40
bedroom,pool,0.19
graveyard,house,0.31
feet,friends,0.12
cute,idea,0.22
bed,picture,0.07
glass,road,0.05
bed,kitchen,0.47
dusk,gull,0.14
bicycle,green,0.14
shade,whale,0.02
lab,spider,0.10
bar,stairs,0.11
hanging,time,0.43
reptiles,swim,0.37
happy,night,0.31
dude,fun,0.19
branch,tea,0.00
club,played,0.40
garbage,lunch,0.16
interior,tower,0.21
breakfast,people,0.10
couple,race,0.07
bay,porch,0.11
country,library,0.05
black,cigarette,0.09
handle,tram,0.03
feel,stairs,0.12
oak,petals,0.19
lake,town,0.12
played,signed,0.14
old,race,0.17
parade,store,0.12
jellyfish,texture,-0.03
curled,leaf,0.16
hummingbird,moss,0.14
book,gold,0.03
desk,match,0.12
handle,lighting,0.14
frozen,soup,0.32
dude,sitting,0.32
amphibians,stork,-0.03
asphalt,crane,0.09
bright,grey,0.52
flight,jaguar,-0.01
happy,toes,0.15
bathroom,stairs,0.61
bay,curve,0.06
feet,train,0.13
snow,sunny,0.21
blue,happy,0.23
sunshine,wet,0.44
clown,jellyfish,0.04
family,town,0.15
pattern,time,0.34
cherry,peel,0.25
bakery,vehicle,0.00
cross,posted,0.06
garbage,underground,0.23
bible,leaf,0.03
nature,new,0.19
cute,dude,0.25
curve,dance,0.01
autumn,hat,0.12
fabric,handle,0.16
arms,white,0.24
feel,fun,0.33
bridge,ceramic,0.01
ruins,valley,0.33
castle,patio,0.15
button,grey,0.16
club,signed,0.24
feathers,insects,0.12
hotel,oak,0.18
alley,punk,0.28
design,muscle,-0.01
circle,snake,0.05
auto,quote,0.10
posted,white,-0.00
animals,clown,0.12
dinner,sleep,0.26
office,women,0.10
line,underground,0.07
metro,television,0.03
waterfall,wood,0.07
relaxed,restaurant,0.18
bed,stairs,0.52
dude,husky,0.18
demolition,skyline,0.16
ceiling,patio,0.36
flight,museum,0.12
paper,tattoo,0.09
action,subway,-0.01
grave,shore,0.13
sunshine,winter,0.44
ford,wall,0.05
band,stockings,0.15
dirty,tears,0.24
leg,stripes,0.14
family,square,0.06
eyes,sky,0.23
dinner,morning,0.45
apartment,beach,0.04
bus,crane,0.04
aquarium,coins,0.07
path,sunflower,0.11
red,uniform,0.24
band,ear,0.19
kitchen,staircase,0.36
glittering,vintage,0.21
gold,texture,0.05
air,carnival,0.07
guy,stand,0.26
bacon,sweet,0.36
abstract,feel,0.09
band,bride,0.21
mom,sitting,0.18
foliage,purple,0.43
husky,painting,0.07
evening,surfers,-0.05
postcards,texture,0.08
breakfast,night,0.44
makeup,skull,0.01
guy,tears,0.16
hamster,locked,0.21
chess,family,0.05
fun,haircut,0.10
buds,shade,0.26
ad,track,0.02
dead,pigeon,0.20
chipmunk,illustrations,0.01
cold,silver,0.05
insects,number,0.09
bar,boat,0.07
restaurant,scenery,0.13
hair,stencil,0.01
guy,idea,0.13
gravestone,silhouette,-0.03
bright,mist,0.48
coins,musicians,0.03
arms,bicycle,0.16
hanging,morning,0.36
demolition,tall,0.16
bedroom,diner,0.08
candles,line,0.02
bar,ship,0.04
club,cone,0.06
art,christmas,0.06
travel,wood,0.08
feet,outdoor,0.17
hanging,left,0.35
rusty,shade,0.33
abstract,moon,-0.01
auto,round,0.05
mist,temple,0.17
stripes,urban,0.01
smile,view,0.10
ripples,shadow,0.14
dirty,fun,0.23
haircut,hanging,0.21
brick,skyline,0.24
bathroom,sleep,0.31
school,tears,0.13
cute,friends,0.27
action,dress,0.09
cow,station,0.08
played,sailing,0.05
fungi,pattern,0.03
button,police,0.18
ceramic,church,-0.02
home,smoking,0.04
food,wild,0.24
colourful,wood,-0.08
smile,time,0.39
amphibians,flamingo,0.11
apartment,children,0.10
graveyard,silver,0.08
outfit,signed,0.13
dude,kids,0.26
pole,weather,0.04
city,round,0.07
nails,wolf,0.08
night,sunshine,0.21
bath,sleep,0.30
hanging,stencil,0.01
cherry,meat,0.06
blue,poster,0.21
fire,movie,0.04
drawn,wing,0.07
husky,played,0.25
dripping,rusty,0.37
arrow,boxer,0.11
basket,moss,0.11
pin,wing,0.10
apartment,valley,0.04
guy,poodle,0.08
seagull,urban,0.01
dessert,tomato,0.59
eggs,family,0.01
aircraft,guy,0.03
dark,flamingo,0.04
cheerleaders,scenery,0.01
pink,shade,0.47
couple,outdoor,0.13
garden,smoke,0.02
glass,mill,0.07
race,square,0.03
paper,vine,0.06
smile,stand,0.33
frost,summer,0.46
bay,parking,0.09
kiss,sitting,0.49
monkeys,oak,0.32
beads,redhead,0.04
animals,hand,0.06
cute,music,0.08
downtown,hockey,0.10
dead,guy,0.25
aircraft,asphalt,0.05
magazine,run,0.11
flight,rain,0.06
bathroom,garden,0.23
door,skyscraper,0.07
makeup,old,0.12
game,signed,0.09
dead,face,0.37
friends,sexy,0.13
flowers,interior,0.06
bag,wire,0.11
game,goats,0.06
note,rally,0.12
stairs,steel,0.03
diamond,stencil,0.08
nature,tv,0.07
happy,posted,0.04
abstract,rally,0.07
party,sailing,0.01
beard,kitty,-0.01
eat,seagull,0.05
building,sandwich,0.10
belly,black,0.27
left,walk,0.33
dark,stripes,0.21
ford,valley,0.09
insects,stork,-0.01
animals,mural,0.10
leather,weed,0.20
pub,washing,0.02
left,played,0.22
cop,gravestone,0.02
book,building,0.05
happy,walk,0.43
colourful,lab,0.06
flag,quote,0.04
sunk,time,0.25
friends,sitting,0.31
lantern,oak,0.15
sitting,smile,0.54
cottage,outfit,0.06
downtown,locked,0.24
pets,poster,0.19
industrial,lake,0.12
licking,sitting,0.44
pool,rust,0.06
stripes,train,0.11
beef,downtown,0.03
blonde,eyes,0.40
lady,sunset,0.20
feel,stop,0.25
old,seat,0.23
dirty,happy,0.23
ruins,shore,0.07
black,paws,0.20
eggs,lego,0.02
born,played,0.22
black,pigeon,0.10
feathers,reptiles,0.48
gymnastics,port,0.01
mom,snowman,0.09
dirty,haircut,0.18
party,seat,0.04
lily,pigs,0.09
dirty,hanging,0.36
guy,wire,0.06
orange,shop,0.15
cactus,fell,0.06
circle,sports,0.04
redhead,reflection,-0.02
cafe,reflection,0.03
outfit,played,0.17
bar,female,-0.01
belly,dirty,0.28
rope,train,0.16
boardwalk,dropped,0.20
abstract,candles,0.01
church,soldiers,0.05
boxer,reflection,0.05
crystal,silhouette,0.03
feel,guy,0.18
pattern,pier,0.11
downtown,field,0.06
beer,wild,0.08
hanging,happy,0.24
rope,shore,0.29
airplane,camera,0.08
button,flowers,0.11
frozen,shop,0.09
curled,licking,0.52
sunny,zoo,0.09
people,stop,0.33
bucket,insects,0.06
fence,friends,0.14
can,sketch,0.17
frozen,pebbles,0.07
ceramic,living,0.00
day,horse,0.16
born,boxer,0.13
iris,necklace,-0.02
lighting,person,0.11
boot,cliff,0.22
landscape,umbrella,0.09
man,transformers,0.02
dark,sand,0.12
ruins,swimsuit,-0.03
abstract,rose,0.07
guy,gymnastics,0.07
grass,ruins,0.12
lighting,stone,0.07
porch,scooter,0.22
colour,wild,0.24
crane,stairs,0.16
shore,tears,0.10
cactus,porch,0.01
belly,drawn,0.12
fabric,photos,0.11
lamb,lantern,0.14
owl,rocket,0.03
party,scooter,0.00
display,scratch,0.11
ball,curled,0.08
cookies,peel,0.19
couple,posted,0.03
field,red,0.10
theatre,wolf,-0.03
blue,swing,0.13
guy,happy,0.18
quote,santa,-0.01
dude,feel,0.06
bath,wine,0.16
brown,wet,0.25
kiss,stop,0.24
husky,match,0.18
cocktail,garage,0.07
face,stand,0.35
kids,stop,0.33
boxer,diner,0.03
patio,sleep,0.15
city,family,0.11
dropped,rusty,0.35
parade,table,0.01
dawn,drug,0.00
design,orange,0.13
lunch,sunshine,0.22
dirty,dude,0.21
fun,tears,0.18
bikini,ivy,0.15
step,swimsuit,0.03
frog,poppy,-0.05
cross,pub,0.10
frost,lily,0.08
curve,outdoor,0.01
collage,stream,0.00
twigs,underground,0.33
chair,holiday,0.11
coffee,sun,0.07
lighting,sleep,0.10
mill,wild,0.12
circle,wig,0.14
highway,squirrel,0.02
pin,truck,0.07
boxer,swimming,0.07
shore,small,0.22
punk,vinyl,-0.00
number,web,0.09
brown,demolition,0.20
interior,skyline,0.10
breakfast,floor,0.14
aerial,clown,0.02
hat,peel,0.09
baseball,rainbow,0.02
dude,happy,0.07
feet,mural,0.02
creatures,grey,0.30
cross,outfit,0.16
left,smile,0.28
fishing,rainbow,0.03
bathroom,dude,0.14
painted,puddle,0.02
skating,stickers,0.04
dome,uniform,0.11
lawn,sleep,0.11
office,sun,0.02
military,reflection,0.04
fashion,handwriting,0.10
cop,ruins,-0.04
blurred,metro,0.01
smile,stop,0.29
cute,licking,0.30
cross,mug,0.11
concrete,pin,0.07
cigarette,hotel,0.05
airplane,market,0.04
architecture,yellow,-0.02
handle,terrier,0.08
patio,women,0.15
green,gull,0.07
dew,parrot,0.06
country,hanging,0.08
dude,hanging,0.29
stripes,tank,0.06
hanging,tears,0.37
crochet,family,0.06
cute,posted,0.02
machine,sketch,0.09
feel,haircut,0.12
match,moss,0.05
art,sailing,0.05
foliage,restaurant,-0.02
tea,village,0.21
branch,feline,0.07
day,plane,0.08
gold,idea,0.00
moon,mushrooms,0.02
interior,tall,0.14
mallard,portrait,-0.07
living,stitches,0.01
fun,morning,0.23
dripping,rust,0.08
fun,stop,0.35
gull,mill,0.01
dirty,friends,0.19
blue,hand,0.18
bucket,curve,0.05
patio,swan,0.04
body,miniature,0.11
cafe,children,0.01
belly,stripes,0.19
mural,taxi,0.04
furniture,man,0.06
beads,library,0.03
daffodils,wool,-0.04
eat,shade,0.16
collection,jellyfish,0.07
country,elephant,0.11
line,temple,0.01
beads,chess,0.10
skirt,wig,0.32
daisy,flood,0.06
camera,rally,0.01
happy,sitting,0.37
bottle,construction,-0.00
auto,bright,0.03
computer,railway,-0.00
night,sitting,0.42
hair,lizard,0.07
happy,licking,0.20
jump,sunlight,0.09
desert,smoke,0.03
chopper,window,0.04
left,rusty,0.29
hanging,stop,0.32
animals,sandwich,0.03
cute,dirty,0.22
cafe,drawn,0.06
boxer,pyramid,0.08
arms,television,0.05
feel,hanging,0.15
asphalt,moon,0.00
dusk,skirt,0.20
car,skull,0.03
left,sitting,0.39
outfit,rock,0.02
mom,stop,0.15
dripping,round,0.40
friends,stop,0.19
asphalt,water,0.11
sitting,tears,0.40
cafe,spiral,0.03
ad,bacon,0.06
green,phone,0.07
duck,outfit,-0.00
coast,zebra,0.06
breakfast,makeup,0.06
purple,stripes,0.38
clothes,skyline,0.08
step,wind,0.05
portrait,rocket,-0.01
break,glittering,0.08
construction,sailing,0.05
boys,gate,0.14
lens,storm,0.01
orange,school,0.12
shirt,show,0.19
gasoline,pepper,0.02
drug,sing,0.00
stickers,track,0.05
furniture,nature,0.09
played,rail,0.07
rusty,stand,0.29
military,wasp,0.00
port,squirrel,0.02
grapes,rainbow,0.10
flood,neon,0.02
morning,tears,0.26
memorial,rope,0.08
bright,rusty,0.33
home,wet,0.21
feathers,sunflower,0.25
house,stop,0.18
plant,skate,-0.02
cocktail,dandelion,0.09
airport,feet,0.17
display,pond,-0.02
alley,bloom,0.03
escalator,redhead,0.07
caterpillars,painted,0.01
bacon,wild,0.19
stand,tears,0.26
collar,tiger,0.04
car,hawk,0.04
burn,reading,0.01
cigarette,living,0.00
footprint,scooter,0.05
barn,mug,0.11
bacon,guy,0.05
keyboard,soldiers,-0.01
cute,sitting,0.31
track,yellow,0.08
bag,dude,0.19
lady,stop,0.20
arrow,mural,-0.01
jacket,stream,0.16
lab,rusty,0.11
jaguar,storm,0.18
dirty,smile,0.30
friends,rusty,0.15
morning,stop,0.27
cemetery,males,-0.04
jump,stitches,0.00
friends,left,0.23
family,hawk,0.04
monster,rock,0.10
feel,time,0.34
face,hanging,0.48
pizza,railway,0.07
cross,shopping,0.13
guy,hanging,0.34
craft,van,0.10
art,beer,0.03
beard,flamingo,0.05
monster,shell,0.09
bench,mask,0.17
club,river,0.06
boxer,children,0.03
fungi,leather,0.05
licking,stop,0.17
creatures,reading,0.05
ivy,urban,0.04
bed,candy,0.18
feel,spiral,0.04
hockey,signed,0.06
daughter,pub,0.01
idea,rusty,0.14
lighting,man,0.08
dude,posted,0.01
mill,puddle,0.13
santa,table,0.03
action,whiskers,0.00
eat,web,0.38
hot,winter,0.27
dog,silver,0.03
lips,run,0.14
porch,pug,0.01
birds,pregnancy,0.00
camera,crow,-0.01
eat,truck,0.11
licking,marble,0.04
rabbit,stop,0.17
paper,railway,0.03
poster,tank,0.02
clothes,transformers,0.01
smoking,sunny,-0.04
cactus,leg,0.04
held,theatre,0.14
arms,outdoor,0.08
lighting,panda,-0.05
punk,toes,0.11
branch,protest,0.03
daughter,graphic,0.03
air,fruit,0.09
book,copper,0.03
night,stickers,0.06
explosion,table,0.02
snake,strawberry,0.17
dragon,dropped,0.21
dog,sailing,0.02
burn,ripples,-0.00
clock,pink,0.18
kittens,lingerie,-0.01
abandoned,frost,0.15
chicken,star,0.02
seed,stairs,0.03
left,night,0.32
small,valley,0.21
green,number,0.07
left,morning,0.34
locked,mannequin,-0.01
shade,whiskers,0.25
collar,garbage,0.10
ink,organ,-0.01
poppy,store,0.02
smoking,vine,-0.01
flame,words,0.06
daffodils,frost,0.22
dancers,rusty,0.10
canal,coffee,-0.02
camera,mallard,-0.01
noodles,pigeon,-0.01
couple,square,0.18
rainbow,whale,0.03
flying,keyboard,0.00
soup,view,0.03
goats,pebbles,0.10
abandoned,button,0.11
belly,dark,0.37
diamond,parade,0.07
horse,sweet,0.12
ancient,pod,0.01
banana,feet,0.15
shed,traffic,0.02
bucket,morning,0.38
bucket,duck,0.18
dessert,eyes,0.05
cold,flag,0.09
skin,television,0.01
bedroom,feline,0.21
palm,traffic,0.04
necklace,snow,0.07
licking,origami,0.01
protest,tiles,0.05
beetles,chocolate,0.01
monkeys,pumpkin,0.14
cop,music,0.03
beard,sports,0.04
gasoline,summer,0.05
footprint,holiday,0.08
abandoned,crane,0.14
car,pigs,-0.01
grave,santa,0.04
iron,splash,0.03
dirt,gymnastics,-0.05
orange,wet,0.15
ceramic,ocean,0.04
vintage,zebra,0.06
hair,shore,0.02
lingerie,underground,-0.02
marble,postcards,0.13
fish,leg,0.02
book,smoking,0.01
kiss,rusty,0.27
canal,number,0.03
kitchen,sleep,0.19
cherry,lamb,0.11
bag,cop,0.30
leaf,moon,0.03
dude,time,0.21
kitchen,outfit,0.12
garbage,jean,0.07
bedroom,downtown,0.20
grass,ski,0.05
day,held,0.31
mug,vehicle,0.01
lighting,small,0.15
sea,sing,0.10
computer,farm,-0.00
feline,pumpkin,0.09
jean,map,0.01
dirty,eagle,0.05
book,ceramic,0.04
van,vine,0.05
desert,roof,0.07
seagull,tag,0.01
jewelry,muscle,-0.00
milk,outdoor,0.08
guy,rusty,0.29
chocolate,jellyfish,-0.05
boxer,stairs,0.12
jaguar,pier,0.02
nuts,waterfall,0.09
bread,chair,0.19
goats,vinyl,0.10
kittens,rain,0.03
hanging,smile,0.41
bikini,sculpture,0.07
bible,dirt,0.08
portrait,underground,0.02
clock,stripes,0.14
buds,floor,0.01
air,knitting,0.00
idea,stop,0.16
haircut,stop,0.11
storm,sweet,0.09
auto,santa,0.04
marble,sing,0.09
drive,ear,0.01
born,subway,0.04
pumpkin,road,0.27
makeup,race,0.04
washing,web,0.05
haircut,pyramid,-0.00
blonde,rock,0.04
belly,field,0.06
mammals,yellow,0.00
painted,sing,0.12
cat,locomotives,-0.02
dead,sidewalk,0.12
angel,pod,0.07
eat,underwater,0.15
makeup,square,0.08
cigarette,tiles,0.03
museum,scratch,0.03
butterfly,stadium,0.05
graveyard,porch,0.36
flame,peacock,0.08
chopper,poppy,-0.07
rusty,tears,0.21
bloom,friends,0.04
gun,jaguar,0.23
guy,stop,0.31
cloud,kittens,0.03
pillow,stone,0.01
stockings,tomato,0.01
frost,protest,0.06
signed,stockings,0.07
angel,asphalt,0.07
ski,skirt,0.22
cat,purple,0.08
diner,muscle,0.05
marble,sunglasses,-0.04
berry,flying,0.18
chocolate,rock,0.09
airplane,guitar,0.03
bread,ocean,0.03
bay,chipmunk,0.05
tall,wool,0.06
restaurant,violet,-0.03
dropped,fun,0.16
purple,twigs,0.32
cemetery,cone,-0.00
face,stop,0.29
dude,stop,0.22
bicycle,handwriting,0.03
chapel,dusk,0.30
cute,twigs,0.02
dragon,oak,0.04
drug,reflection,0.02
apple,relaxed,0.10
bakery,panorama,-0.01
mallard,poster,0.06
snake,taxi,0.01
dessert,head,0.11
born,hockey,0.02
puddle,red,0.12
brick,dress,0.10
building,zombie,0.03
neon,tank,0.04
bible,cottage,0.10
bath,panorama,0.15
automobile,fabric,0.11
gun,picture,0.13
cow,table,-0.01
born,construction,0.03
dye,kiss,0.05
baseball,born,0.13
crab,grave,0.09
craft,soup,0.03
locked,misty,0.14
horse,interior,0.01
grass,stop,0.14
jellyfish,punk,0.00
parade,salad,0.00
reptiles,vacation,-0.02
clown,flood,0.07
aerial,violet,0.10
crab,ink,-0.00
canyon,pizza,0.01
butterfly,left,0.01
hamster,party,0.05
museum,swim,0.08
lego,rodents,0.06
branch,lego,-0.00
game,husky,0.25
camel,highway,0.11
baseball,cheetah,0.16
stripes,weather,0.02
journal,squirrel,0.02
cake,rusty,0.19
bacon,view,0.14
dandelion,stand,0.06
cheetah,flame,0.05
abstract,vehicle,0.06
party,sunk,0.01
floor,transformers,0.02
amphibians,berry,-0.04
marble,monkeys,0.03
jump,salad,0.02
subway,valentine,0.10
baseball,cactus,0.01
ancient,poster,0.05
grass,skull,0.02
cattle,web,0.02
drive,lego,-0.04
flying,sexy,0.04
ink,tropical,0.04
pyramid,swimsuit,0.02
chess,sleep,0.14
bag,wild,0.14
chapel,whiskers,0.13
chair,words,0.13
angel,construction,0.01
exhibition,soup,0.02
kittens,travel,-0.01
swim,vehicle,0.00
costumes,ocean,0.02
pigeon,reading,0.01
origami,stadium,0.01
animals,candy,0.05
happy,stop,0.34
insects,mom,0.00
canyon,piano,-0.05
leather,swan,0.14
goose,outfit,0.14
sunglasses,weed,0.09
played,wine,0.10
monkeys,restaurant,-0.01
goose,locomotives,0.01
garage,mammals,-0.03
drug,wolf,0.01
graveyard,pug,-0.14
rice,tickets,0.02
mammals,rope,-0.05
hill,rust,0.04
paws,protest,0.07
petals,pug,-0.08
interior,mushrooms,0.00
chocolate,squirrel,0.07
mammals,written,0.00
reading,seagull,0.03
parking,photographer,0.01
tea,whiskers,0.21
cactus,gasoline,-0.03
kitchen,wedding,0.20
chocolate,wig,-0.03
hanging,mom,0.08
dragonfly,piano,-0.04
leather,sunshine,0.24
handwriting,pigs,0.01
brick,rabbit,0.01
burger,mountain,-0.01
girls,morning,0.18
canal,silhouette,0.05
advertisement,pond,0.04
paws,theatre,-0.00
raspberry,written,0.01
family,red,0.05
concrete,swan,-0.03
bedroom,canyon,0.05
breakfast,staircase,0.12
flame,sidewalk,0.05
carrots,city,-0.00
licking,rusty,0.24
meat,pond,0.07
female,machine,0.02
living,makeup,0.19
piano,wolf,0.03
girls,wind,0.06
frog,subway,0.02
map,weed,0.04
bike,flame,-0.02
dew,engine,0.00
cake,library,0.03
carnival,wool,0.11
bottle,library,0.03
eat,hair,0.08
dragon,furniture,-0.00
skull,storm,0.02
rodents,smile,0.07
punk,skyscraper,0.08
gun,pizza,0.03
female,square,-0.01
pub,snowman,0.02
meat,moon,0.03
potatoes,skating,0.01
dragonfly,wine,-0.04
flight,whiskers,0.08
boxer,lighthouse,-0.05
fungi,wedding,0.01
licking,pier,0.04
mirror,raspberry,0.07
bike,hummingbird,0.02
key,misty,0.03
cafe,frog,-0.10
soup,wool,0.05
carrots,memorial,0.03
lion,square,0.04
bucket,girls,0.08
feline,nuts,0.11
gun,quote,0.10
furniture,pizza,0.08
goose,stencil,-0.01
chicken,knitting,0.20
abstract,frog,-0.06
ceiling,mug,0.20
fish,rocket,0.02
flamingo,office,0.01
rabbit,sphere,0.03
ice,sheep,0.01
car,tongue,0.02
bracelet,mountain,-0.03
cocktail,written,0.04
lego,weather,0.00
cigarette,skating,0.07
happy,rusty,0.22
tomato,whale,0.00
chess,cigarette,0.06
fish,theatre,0.01
donut,panda,-0.01
hot,zombie,0.04
machine,pond,0.02
guitar,nude,-0.00
giraffe,mist,-0.02
bread,cliff,0.05
bible,misty,0.03
construction,violet,-0.01
cheetah,soup,0.03
puppy,skyline,0.01
children,ford,0.03
cheetah,phone,0.00
explosion,stencil,0.03
carrots,design,-0.00
jellyfish,rally,0.01
military,tomato,0.03
gun,stairs,0.18
cafe,lizard,0.07
posted,tulip,0.00
grave,hat,0.16
apple,cute,0.14
angel,gasoline,0.05
giraffe,harbor,0.02
feathers,truck,-0.01
festival,whiskers,0.07
muscle,tulip,0.01
bikini,pizza,0.07
bakery,zebra,0.02
